{"loss": [0.136138916015625, 0.00986949447542429, 0.003005803097039461, 0.0014559568371623755, 0.0010327533818781376, 0.0009257884812541306, 0.0006013446836732328, 0.000532692763954401, 0.0004946507979184389, 0.0003613448643591255, 0.0003104006755165756, 0.00024767761351540685, 0.0003267088031861931, 0.00017163755546789616, 0.00013974490866530687, 0.0002126220497302711, 0.0001857226889114827, 0.00027069420320913196], "val_loss": [0.016529586166143417, 0.0053122085519135, 0.0016078460030257702, 0.0008390989969484508, 0.000686550687532872, 0.0008087787427939475, 0.00030820665415376425, 0.0003274734481237829, 0.00023088361194822937, 0.00014877461944706738, 0.001021335949189961, 0.00034063178463838995, 6.280051456997171e-05, 0.0014285283396020532, 6.460824806708843e-05, 6.568738899659365e-05, 8.602894376963377e-05, 9.352001507068053e-05]}